{
  "best_model": "Gradient Boosting",
  "best_weighted_f1": 0.881710060681642,
  "all_results": {
    "Logistic Regression (Balanced)": {
      "accuracy": 0.8111932227829849,
      "weighted_f1": 0.8167923200182067
    },
    "Logistic Regression (Default)": {
      "accuracy": 0.8358868060562364,
      "weighted_f1": 0.8314582473058233
    },
    "Multinomial Naive Bayes": {
      "accuracy": 0.6888968997837058,
      "weighted_f1": 0.6865621748076525
    },
    "Decision Tree": {
      "accuracy": 0.6357696467195386,
      "weighted_f1": 0.6793370247819284
    },
    "Random Forest": {
      "accuracy": 0.7735219899062725,
      "weighted_f1": 0.7841077342989444
    },
    "Gradient Boosting": {
      "accuracy": 0.8840573179524153,
      "weighted_f1": 0.881710060681642
    },
    "Logistic Regression (Elastic Net)": {
      "accuracy": 0.8109228550829127,
      "weighted_f1": 0.8167069845165501
    }
  },
  "train_rows": 88765,
  "test_rows": 22192,
  "classes": [
    "Checking or savings account",
    "Credit card",
    "Credit card or prepaid card",
    "Credit reporting or other personal consumer reports",
    "Credit reporting, credit repair services, or other personal consumer reports",
    "Debt collection",
    "Money transfer, virtual currency, or money service",
    "Mortgage"
  ],
  "config": {
    "dev_mode": false,
    "dev_max_rows": 150000,
    "target_dataset_size": 200000,
    "top_n_classes": 8
  }
}